insert into public.role (id, name)
values (1, 'admin');
insert into public.department (id, name)
values ('e71ac0a8-fe10-40f9-a831-94bc0703641d', 'Khoa Nhi'),
       ('ef0aee96-d60f-422c-9418-0487d35e530e', 'Khoa Nội');
insert into public.account (is_deleted, created_date, role_id, updated_date, created_by, department_id, id, updated_by,
                            email, title)
values (false, '2023-06-06 20:48:46.541000', 1, '2023-06-06 20:48:46.541000', 'f858aa18-9569-4cfd-b038-8d5ee807f94d',
        'e71ac0a8-fe10-40f9-a831-94bc0703641d', '3bdb9fdd-40a0-4bd4-93aa-3462c2164d08', null, 'taict@gmail.com', 'BS'),
       (false, '2023-06-06 20:48:46.539000', 1, '2023-06-06 20:48:46.539000', 'f1a02256-ef4c-4b74-9ce7-25cf6b9cee20',
        'ef0aee96-d60f-422c-9418-0487d35e530e', '4d2196da-097f-4fc5-9bb2-a40ef2ac7b2e', null, 'huyce@gmail.com', 'ĐD'),
       (false, '2023-06-11 20:45:59.000000', 1, '2023-06-11 20:46:07.000000', '69dad776-6bce-41b8-8a6b-b373413df412',
        'ef0aee96-d60f-422c-9418-0487d35e530e', '69dad776-6bce-41b8-8a6b-b373413df412', null, 'alz@gmail.com', 'BS'),
       (false, '2023-06-11 20:45:59.000000', 1, '2023-06-11 20:46:07.000000', '1fea9213-7c14-4cb0-961e-8edb7efc371d',
        'ef0aee96-d60f-422c-9418-0487d35e530e', '1fea9213-7c14-4cb0-961e-8edb7efc371d', null, 'jkiffe0@gmail.com',
        'BS'),
       (false, '2023-06-11 20:45:59.000000', 1, '2023-06-11 20:46:07.000000', 'ef240b62-723d-4495-8841-fa01720db164',
        'ef0aee96-d60f-422c-9418-0487d35e530e', 'ef240b62-723d-4495-8841-fa01720db164', null, 'asired1@gmail.com',
        'BS'),
       (false, '2023-06-11 20:45:59.000000', 1, '2023-06-11 20:46:07.000000', '242dcc9a-c290-4df9-bd5f-4544c62f941d',
        'ef0aee96-d60f-422c-9418-0487d35e530e', '242dcc9a-c290-4df9-bd5f-4544c62f941d', null, 'idongate3@gmail.com',
        'BS'),
       (false, '2023-06-11 20:45:59.000000', 1, '2023-06-11 20:46:07.000000', 'a21bdc56-d779-47ea-ab6e-ca6561e62ca9',
        'ef0aee96-d60f-422c-9418-0487d35e530e', 'a21bdc56-d779-47ea-ab6e-ca6561e62ca9', null, 'gcurton7@gmail.com',
        'BS'),
       (false, '2023-06-11 20:45:59.000000', 1, '2023-06-11 20:46:07.000000', 'e0f4f0c1-3795-4cd2-8ba2-7b1fef670e8d',
        'ef0aee96-d60f-422c-9418-0487d35e530e', 'e0f4f0c1-3795-4cd2-8ba2-7b1fef670e8d', null, 'jbelding9@gmail.com',
        'BS'),
       (false, '2023-06-11 20:45:59.000000', 1, '2023-06-11 20:46:07.000000', 'f62e3201-82a9-4572-9c99-25c81a932b2c',
        'ef0aee96-d60f-422c-9418-0487d35e530e', 'f62e3201-82a9-4572-9c99-25c81a932b2c', null, 'golenaneg@gmail.com',
        'BS'),
       (false, '2023-06-11 20:45:59.000000', 1, '2023-06-11 20:46:07.000000', 'fe0cbc32-3bd0-49f3-95fb-f7188b8e88cd',
        'ef0aee96-d60f-422c-9418-0487d35e530e', 'fe0cbc32-3bd0-49f3-95fb-f7188b8e88cd', null, 'vleblancn@gmail.com',
        'BS'),
       (false, '2023-06-11 20:45:59.000000', 1, '2023-06-11 20:46:07.000000', 'ec0b5aa4-4865-40fb-ba6b-bcd138a6b60c',
        'ef0aee96-d60f-422c-9418-0487d35e530e', 'ec0b5aa4-4865-40fb-ba6b-bcd138a6b60c', null, 'miyuyu@gmail.com', 'BS'),
       (false, '2023-06-11 20:45:59.000000', 1, '2023-06-11 20:46:07.000000', 'dcba56ce-761b-43da-9686-d8288cfb2470',
        'ef0aee96-d60f-422c-9418-0487d35e530e', 'dcba56ce-761b-43da-9686-d8288cfb2470', null, 'koilo@gmail.com', 'BS'),
       (false, '2023-06-11 20:45:59.000000', 1, '2023-06-11 20:46:07.000000', 'b713cda2-0fa1-45f0-9836-51c79c02e70d',
        'ef0aee96-d60f-422c-9418-0487d35e530e', 'b713cda2-0fa1-45f0-9836-51c79c02e70d', null, 'byhui@gmail.com', 'BS'),
       (false, '2023-06-11 20:45:59.000000', 1, '2023-06-11 20:46:07.000000', 'e3e0462f-632b-4406-9f7e-dec3894d83e2',
        'ef0aee96-d60f-422c-9418-0487d35e530e', 'e3e0462f-632b-4406-9f7e-dec3894d83e2', null, 'boim@gmail.com', 'BS'),
       (false, '2023-06-11 20:45:59.000000', 1, '2023-06-11 20:46:07.000000', 'a66da116-4764-449c-ab9c-d39c003510b7',
        'ef0aee96-d60f-422c-9418-0487d35e530e', 'a66da116-4764-449c-ab9c-d39c003510b7', null, 'wetn@gmail.com', 'BS'),
       (false, '2023-06-11 20:45:59.000000', 1, '2023-06-11 20:46:07.000000', '59d6faeb-11c7-4934-b2e5-1e52014776e8',
        'ef0aee96-d60f-422c-9418-0487d35e530e', '59d6faeb-11c7-4934-b2e5-1e52014776e8', null, 'rtrw@gmail.com', 'BS'),
       (false, '2023-06-11 20:45:59.000000', 1, '2023-06-11 20:46:07.000000', '7fe7e759-6f7b-456d-80ca-3943c60e60c2',
        'ef0aee96-d60f-422c-9418-0487d35e530e', '7fe7e759-6f7b-456d-80ca-3943c60e60c2', null, 'koui@gmail.com', 'BS'),
       (false, '2023-06-11 20:45:59.000000', 1, '2023-06-11 20:46:07.000000', '4128818b-5129-406a-9ad2-d2ee5a1ee80d',
        'ef0aee96-d60f-422c-9418-0487d35e530e', '4128818b-5129-406a-9ad2-d2ee5a1ee80d', null, 'potyuj@gmail.com', 'BS'),
       (false, '2023-06-11 20:45:59.000000', 1, '2023-06-11 20:46:07.000000', 'ccaeb39b-5532-4ead-a7f3-a962993a475f',
        'ef0aee96-d60f-422c-9418-0487d35e530e', 'ccaeb39b-5532-4ead-a7f3-a962993a475f', null, 'jiui@gmail.com', 'BS'),
       (false, '2023-06-11 20:45:59.000000', 1, '2023-06-11 20:46:07.000000', '8bf9ad57-66bf-4669-a4d3-7df25ccc39ad',
        'ef0aee96-d60f-422c-9418-0487d35e530e', '8bf9ad57-66bf-4669-a4d3-7df25ccc39ad', null, 'weds@gmail.com', 'BS');
insert into public.permission (id, role_id, permission, resource)
values (1, 1, 'FULL_CONTROL', 'CLASS'),
       (2, 1, 'FULL_CONTROL', 'MATERIAL');
insert into public.profile (is_deleted, created_date, updated_date, created_by, id, updated_by, status)
values (false, '2023-06-06 22:02:58.000000', '2023-06-06 22:03:03.000000', '03a1ed7d-11aa-4206-bb41-024023c00a78',
        '03a1ed7d-11aa-4206-bb41-024023c00a78', null, 'ACTIVE'),
       (false, '2023-06-06 22:02:58.000000', '2023-06-06 22:03:03.000000', '9714bb2c-bd62-4c75-8751-6972a61dfa23',
        '9714bb2c-bd62-4c75-8751-6972a61dfa23', null, 'ACTIVE'),
       (false, '2023-06-06 22:02:58.000000', '2023-06-06 22:03:03.000000', '16098a71-e18a-462e-abf0-93a82b37dc3e',
        '16098a71-e18a-462e-abf0-93a82b37dc3e', null, 'ACTIVE'),
       (false, '2023-06-06 22:02:58.000000', '2023-06-06 22:03:03.000000', '796015a8-a7f1-4b86-806b-67a48e37705f',
        '796015a8-a7f1-4b86-806b-67a48e37705f', null, 'ACTIVE'),
       (false, '2023-06-06 22:02:58.000000', '2023-06-06 22:03:03.000000', 'f4cd41e0-c611-4e91-b0d5-f6d8964b5b15',
        'f4cd41e0-c611-4e91-b0d5-f6d8964b5b15', null, 'ACTIVE'),
       (false, '2023-06-06 22:02:58.000000', '2023-06-06 22:03:03.000000', '6cadf45f-04c3-4b1f-b9c3-e5289f9e8d03',
        '6cadf45f-04c3-4b1f-b9c3-e5289f9e8d03', null, 'ACTIVE'),
       (false, '2023-06-06 22:02:58.000000', '2023-06-06 22:03:03.000000', 'b251c2ac-73ec-4c13-851a-689f1d64fbd6',
        'b251c2ac-73ec-4c13-851a-689f1d64fbd6', null, 'ACTIVE'),
       (false, '2023-06-06 22:02:58.000000', '2023-06-06 22:03:03.000000', 'a0573807-41a7-470d-9b4a-50ebd933ff76',
        'a0573807-41a7-470d-9b4a-50ebd933ff76', null, 'ACTIVE'),
       (false, '2023-06-06 22:02:58.000000', '2023-06-06 22:03:03.000000', '142af83b-60f0-4f44-8c13-6e8a860a6e39',
        '142af83b-60f0-4f44-8c13-6e8a860a6e39', null, 'ACTIVE'),
       (false, '2023-06-06 22:02:58.000000', '2023-06-06 22:03:03.000000', '7f43f601-93e4-430f-952a-7f4eba047a33',
        '7f43f601-93e4-430f-952a-7f4eba047a33', null, 'ACTIVE'),
       (false, '2023-06-06 22:02:58.000000', '2023-06-06 22:03:03.000000', '20d9df4f-4c93-43c8-8e2b-5284bf3ff03c',
        '20d9df4f-4c93-43c8-8e2b-5284bf3ff03c', null, 'ACTIVE'),
       (false, '2023-06-06 22:02:58.000000', '2023-06-06 22:03:03.000000', '5fe107f0-0283-43bc-a980-c613bc25ab02',
        '5fe107f0-0283-43bc-a980-c613bc25ab02', null, 'ACTIVE'),
       (false, '2023-06-06 22:02:58.000000', '2023-06-06 22:03:03.000000', 'de21fc61-d822-4683-b4a7-066ed9ba3800',
        'de21fc61-d822-4683-b4a7-066ed9ba3800', null, 'ACTIVE'),
       (false, '2023-06-06 22:02:58.000000', '2023-06-06 22:03:03.000000', '3ff1b4ae-c237-4081-9726-e3d926bddefe',
        '3ff1b4ae-c237-4081-9726-e3d926bddefe', null, 'ACTIVE'),
       (false, '2023-06-06 22:02:58.000000', '2023-06-06 22:03:03.000000', '3eccf4b0-f3aa-4de7-bb6b-2992faa56885',
        '3eccf4b0-f3aa-4de7-bb6b-2992faa56885', null, 'ACTIVE'),
       (false, '2023-06-06 22:02:58.000000', '2023-06-06 22:03:03.000000', 'ff8e73e0-34c5-4a13-ab6f-780a9d2da6b0',
        'ff8e73e0-34c5-4a13-ab6f-780a9d2da6b0', null, 'ACTIVE'),
       (false, '2023-06-06 22:02:58.000000', '2023-06-06 22:03:03.000000', '388b5864-3fb7-4dd3-bdd0-941ddf51fa18',
        '388b5864-3fb7-4dd3-bdd0-941ddf51fa18', null, 'ACTIVE'),
       (false, '2023-06-06 22:02:58.000000', '2023-06-06 22:03:03.000000', '11cbf301-88b1-4d2b-bdab-49278e896772',
        '11cbf301-88b1-4d2b-bdab-49278e896772', null, 'ACTIVE'),
       (false, '2023-06-06 22:02:58.000000', '2023-06-06 22:03:03.000000', '9d477f13-e240-4156-b538-e9f4957c33c4',
        '9d477f13-e240-4156-b538-e9f4957c33c4', null, 'ACTIVE'),
       (false, '2023-06-06 22:02:58.000000', '2023-06-06 22:03:03.000000', '90bbc40a-6d3e-40ec-8e01-1a4352c0ee3b',
        '90bbc40a-6d3e-40ec-8e01-1a4352c0ee3b', null, 'ACTIVE');

insert into public.trainee (is_deleted, birthdate, created_date, updated_date, account_id, created_by, id, profile_id,
                            updated_by, code, name, phone)
values (false, '2023-06-06 22:04:11.000000', '2023-06-06 22:04:14.000000', null, '3bdb9fdd-40a0-4bd4-93aa-3462c2164d08',
        '673e3d95-bdac-426f-ab4b-4acb0a85554b', '673e3d95-bdac-426f-ab4b-4acb0a85554b',
        '03a1ed7d-11aa-4206-bb41-024023c00a78', null, 'BINHVQ', 'Vien Quoc Binh', '0986587563'),
       (false, '2023-06-06 22:04:11.000000', '2023-06-06 22:04:14.000000', null, '4d2196da-097f-4fc5-9bb2-a40ef2ac7b2e',
        '00bcab59-5ddd-4528-b811-d85a8f0e27f7', '00bcab59-5ddd-4528-b811-d85a8f0e27f7',
        '9714bb2c-bd62-4c75-8751-6972a61dfa23', null, 'FZAL', 'Lorrayne Colloby', '3883505323'),
       (false, '2023-06-06 22:04:11.000000', '2023-06-06 22:04:14.000000', null, 'a21bdc56-d779-47ea-ab6e-ca6561e62ca9',
        '5028a606-554d-4c9b-9f43-a0f232a39f80', '5028a606-554d-4c9b-9f43-a0f232a39f80',
        'b251c2ac-73ec-4c13-851a-689f1d64fbd6', null, 'FMCV', 'Marcus Screwton', '9313896502'),
       (false, '2023-06-06 22:04:11.000000', '2023-06-06 22:04:14.000000', null, '242dcc9a-c290-4df9-bd5f-4544c62f941d',
        '399d6a3a-125e-4fb3-8727-894cb10b1e27', '399d6a3a-125e-4fb3-8727-894cb10b1e27',
        '6cadf45f-04c3-4b1f-b9c3-e5289f9e8d03', null, 'LIPO', 'Flossi Lenglet', '6084620162'),
       (false, '2023-06-06 22:04:11.000000', '2023-06-06 22:04:14.000000', null, 'f62e3201-82a9-4572-9c99-25c81a932b2c',
        'fce12db6-ebcc-4d60-bc6b-a357e8a96114', 'fce12db6-ebcc-4d60-bc6b-a357e8a96114',
        '142af83b-60f0-4f44-8c13-6e8a860a6e39', null, 'UNKL', 'Dilly McKinnon', '9398193674'),
       (false, '2023-06-06 22:04:11.000000', '2023-06-06 22:04:14.000000', null, '4128818b-5129-406a-9ad2-d2ee5a1ee80d',
        'db29c64c-7b2f-4263-abd6-aa8f200bd3bb', 'db29c64c-7b2f-4263-abd6-aa8f200bd3bb',
        '11cbf301-88b1-4d2b-bdab-49278e896772', null, 'WBGG', 'Trstram Huncote', '8724678368'),
       (false, '2023-06-06 22:04:11.000000', '2023-06-06 22:04:14.000000', null, '1fea9213-7c14-4cb0-961e-8edb7efc371d',
        '82c72928-2a83-4053-a62f-3ae816fb32da', '82c72928-2a83-4053-a62f-3ae816fb32da',
        '796015a8-a7f1-4b86-806b-67a48e37705f', null, 'LIPX', 'Bryanty Thexton', '7402673172'),
       (false, '2023-06-06 22:04:11.000000', '2023-06-06 22:04:14.000000', null, 'a66da116-4764-449c-ab9c-d39c003510b7',
        'bae2f78d-4aa0-4b61-8d73-44fa9162e005', 'bae2f78d-4aa0-4b61-8d73-44fa9162e005',
        '3eccf4b0-f3aa-4de7-bb6b-2992faa56885', null, 'SASO', 'Alberto Dennison', '1994458442'),
       (false, '2023-06-06 22:04:11.000000', '2023-06-06 22:04:14.000000', null, 'e0f4f0c1-3795-4cd2-8ba2-7b1fef670e8d',
        '77d3f183-3e43-42c7-b1ac-1fb3c600a751', '77d3f183-3e43-42c7-b1ac-1fb3c600a751',
        'a0573807-41a7-470d-9b4a-50ebd933ff76', null, 'MMSM', 'Rubetta Barreau', '5701148678'),
       (false, '2023-06-06 22:04:11.000000', '2023-06-06 22:04:14.000000', null, 'b713cda2-0fa1-45f0-9836-51c79c02e70d',
        '82899e18-5dec-420e-b4e4-bf1be6dee534', '82899e18-5dec-420e-b4e4-bf1be6dee534',
        'de21fc61-d822-4683-b4a7-066ed9ba3800', null, 'YSPE', 'Salaidh Brookwell', '2613442586'),
       (false, '2023-06-06 22:04:11.000000', '2023-06-06 22:04:14.000000', null, '7fe7e759-6f7b-456d-80ca-3943c60e60c2',
        'af913561-6f22-4f54-9810-5e4b631c4024', 'af913561-6f22-4f54-9810-5e4b631c4024',
        '388b5864-3fb7-4dd3-bdd0-941ddf51fa18', null, 'YKBR', 'Saunderson Beine', '4069707390'),
       (false, '2023-06-06 22:04:11.000000', '2023-06-06 22:04:14.000000', null, 'dcba56ce-761b-43da-9686-d8288cfb2470',
        '886e52c3-77bd-4288-ae2c-9c17336c77a8', '886e52c3-77bd-4288-ae2c-9c17336c77a8',
        '5fe107f0-0283-43bc-a980-c613bc25ab02', null, 'ORBM', 'Lane Channing', '6238546684'),
       (false, '2023-06-06 22:04:11.000000', '2023-06-06 22:04:14.000000', null, 'ec0b5aa4-4865-40fb-ba6b-bcd138a6b60c',
        '5fec4601-ba75-4f34-a5b9-8dd85bc61244', '5fec4601-ba75-4f34-a5b9-8dd85bc61244',
        '20d9df4f-4c93-43c8-8e2b-5284bf3ff03c', null, 'LYBR', 'Catriona I''anson', '7939143411'),
       (false, '2023-06-06 22:04:11.000000', '2023-06-06 22:04:14.000000', null, 'e3e0462f-632b-4406-9f7e-dec3894d83e2',
        'df512170-cfc5-418f-8503-8dcb40d638e2', 'df512170-cfc5-418f-8503-8dcb40d638e2',
        '3ff1b4ae-c237-4081-9726-e3d926bddefe', null, 'LFPD', 'Kameko Mintrim', '4589644885'),
       (false, '2023-06-06 22:04:11.000000', '2023-06-06 22:04:14.000000', null, 'ef240b62-723d-4495-8841-fa01720db164',
        'c143f141-9606-4a11-b050-caad6123c87e', 'c143f141-9606-4a11-b050-caad6123c87e',
        'f4cd41e0-c611-4e91-b0d5-f6d8964b5b15', null, 'GMMW', 'Nikita Fateley', '6948216369'),
       (false, '2023-06-06 22:04:11.000000', '2023-06-06 22:04:14.000000', null, 'ccaeb39b-5532-4ead-a7f3-a962993a475f',
        '56b8a133-02cc-4897-a81d-e877d1703cd4', '56b8a133-02cc-4897-a81d-e877d1703cd4',
        '9d477f13-e240-4156-b538-e9f4957c33c4', null, 'KCLM', 'Alethea Overstone', '3443097986'),
       (false, '2023-06-06 22:04:11.000000', '2023-06-06 22:04:14.000000', null, 'fe0cbc32-3bd0-49f3-95fb-f7188b8e88cd',
        'e4a2ea60-6c3f-4d2b-bf52-ec4c4ec396cc', 'e4a2ea60-6c3f-4d2b-bf52-ec4c4ec396cc',
        '7f43f601-93e4-430f-952a-7f4eba047a33', null, 'VIST', 'Lexi Gibbard', '2244373424'),
       (false, '2023-06-06 22:04:11.000000', '2023-06-06 22:04:14.000000', null, '69dad776-6bce-41b8-8a6b-b373413df412',
        '844502b8-a9de-4b71-be43-d29913af93d7', '844502b8-a9de-4b71-be43-d29913af93d7',
        '16098a71-e18a-462e-abf0-93a82b37dc3e', null, 'KMLS', 'Lief MacGaughey', '7426036993'),
       (false, '2023-06-06 22:04:11.000000', '2023-06-06 22:04:14.000000', null, '8bf9ad57-66bf-4669-a4d3-7df25ccc39ad',
        'fde8a680-93cc-4f80-9b5d-c70641a17127', 'fde8a680-93cc-4f80-9b5d-c70641a17127',
        '90bbc40a-6d3e-40ec-8e01-1a4352c0ee3b', null, 'ZUGU', 'Aldous Heinert', '7807996294'),
       (false, '2023-06-06 22:04:11.000000', '2023-06-06 22:04:14.000000', null, '59d6faeb-11c7-4934-b2e5-1e52014776e8',
        '524a14d5-2cd4-48fb-b66a-fd195823a1b6', '524a14d5-2cd4-48fb-b66a-fd195823a1b6',
        'ff8e73e0-34c5-4a13-ab6f-780a9d2da6b0', null, 'CYIO', 'Yancy Grogan', '2398353951');
insert into public.trainer (is_deleted, birthdate, created_date, updated_date, account_id, created_by, id, updated_by,
                            name, phone, code)
values (false, '1988-06-05 07:00:00.000000', '2023-06-06 20:50:27.953000', '2023-06-06 20:50:27.953000',
        '3bdb9fdd-40a0-4bd4-93aa-3462c2164d08', '3bdb9fdd-40a0-4bd4-93aa-3462c2164d08',
        '3ae6a7fb-87a4-423e-8f38-d1313e710a00', null, 'KhanhKT', '0986574526', 'KHANHKT'),
       (false, '2023-06-05 07:00:00.000000', '2023-06-06 20:49:56.500000', '2023-06-06 20:49:56.500000',
        '4d2196da-097f-4fc5-9bb2-a40ef2ac7b2e', '4d2196da-097f-4fc5-9bb2-a40ef2ac7b2e',
        'ff5a3c78-2642-4d4d-a793-b2cabdabde17', null, 'John', '0986563256', 'John');

insert into public.cycle (id, description, duration)
values ('d99ae531-4845-4b8b-b826-829b5c5f032b', 'Spring 2023', 18),
       ('a64edcb5-a30b-47c5-a053-332cd2a10f6b', 'Summer 2023', 18);
insert into public.program (department_id, id, syllabus_id, description, code)
values ('e71ac0a8-fe10-40f9-a831-94bc0703641d', '73574861-62eb-4965-9ebc-cecbb50ea11f', null, 'Chương trình học về da',
        'SP23'),
       ('ef0aee96-d60f-422c-9418-0487d35e530e', 'c2c6401d-b0ab-42b8-af7d-980260fcd963', null, 'Chương trình học Hệ tim',
        'SU23');
insert into public.room (id, name, max_capacity)
values ('b49d2b9c-d8a1-473d-bafe-2207f62a034b', 'NVH601', 30),
       ('66bcd96c-cd47-4f20-9e03-115333153e57', 'NVH409', 31),
       ('35f2fc98-1331-4917-81cd-651a312a6316', '202', 32),
       ('26df01e1-03c6-42c6-bcdc-43047d081c14', '221', 29);

insert into public.class (is_deleted, created_date, updated_date, created_by, id, updated_by, code, general_schedule,
                          name)
values (false, '2023-06-11 21:19:23.000000', null, '3bdb9fdd-40a0-4bd4-93aa-3462c2164d08',
        '9d95667e-e48f-48c3-ab3b-83c65232002f', null, 'BS0123',
        'Start{10:00,MON};Stop{11:00,MON};Start{17:00,MON};Stop{19:00,MON}', 'BS0123'),
       (false, '2023-06-11 21:19:23.000000', null, '4d2196da-097f-4fc5-9bb2-a40ef2ac7b2e',
        '65f6e65a-7cdf-4fd6-9ce5-c5f80f42f6ca', null, 'BS0124',
        'Start{10:00,MON};Stop{11:00,MON};Start{17:00,MON};Stop{19:00,MON}', 'BS0124'),
       (false, '2023-06-11 21:19:23.000000', null, '69dad776-6bce-41b8-8a6b-b373413df412',
        '9bf2cc4b-4edc-453d-84ba-331aacfaf097', null, 'ĐD0223',
        'Start{10:00,MON};Stop{11:00,MON};Start{17:00,MON};Stop{19:00,MON}', 'ĐD0223'),
       (false, '2023-06-11 21:19:23.000000', null, '1fea9213-7c14-4cb0-961e-8edb7efc371d',
        '498ba41b-88b4-457d-83d5-f263e3c40ac6', null, 'ĐD0323',
        'Start{10:00,MON};Stop{11:00,MON};Start{17:00,MON};Stop{19:00,MON}', 'ĐD0323'),
       (false, '2023-06-11 21:19:23.000000', null, 'ef240b62-723d-4495-8841-fa01720db164',
        '281484f9-1711-40d6-ad73-d5c34ede8284', null, 'BS0523',
        'Start{10:00,MON};Stop{11:00,MON};Start{17:00,MON};Stop{19:00,MON}', 'BS0523');
insert into public.program_per_class (max_quantity, min_quantity, program_end_date, program_start_date, class_id,
                                      cycle_id, program_id)
values (30, 4, '2023-12-11 21:18:39.000000', '2023-06-11 21:18:41.000000', '9d95667e-e48f-48c3-ab3b-83c65232002f',
        'a64edcb5-a30b-47c5-a053-332cd2a10f6b', 'c2c6401d-b0ab-42b8-af7d-980260fcd963'),
       (30, 4, '2023-12-11 21:18:39.000000', '2023-06-11 21:18:41.000000', '65f6e65a-7cdf-4fd6-9ce5-c5f80f42f6ca',
        'a64edcb5-a30b-47c5-a053-332cd2a10f6b', 'c2c6401d-b0ab-42b8-af7d-980260fcd963'),
       (30, 4, '2023-12-11 21:18:39.000000', '2023-06-11 21:18:41.000000', '9bf2cc4b-4edc-453d-84ba-331aacfaf097',
        'a64edcb5-a30b-47c5-a053-332cd2a10f6b', 'c2c6401d-b0ab-42b8-af7d-980260fcd963'),
       (30, 4, '2023-12-11 21:18:39.000000', '2023-06-11 21:18:41.000000', '498ba41b-88b4-457d-83d5-f263e3c40ac6',
        'a64edcb5-a30b-47c5-a053-332cd2a10f6b', 'c2c6401d-b0ab-42b8-af7d-980260fcd963'),
       (30, 4, '2023-12-11 21:18:39.000000', '2023-06-11 21:18:41.000000', '281484f9-1711-40d6-ad73-d5c34ede8284',
        'a64edcb5-a30b-47c5-a053-332cd2a10f6b', 'c2c6401d-b0ab-42b8-af7d-980260fcd963');

insert into public.enrollment (is_cancelled, enrollment_date, class_id, program_id, trainee_id, cancel_reason)
values (false, '2022-07-06 00:23:57.000000', '65f6e65a-7cdf-4fd6-9ce5-c5f80f42f6ca',
        'c2c6401d-b0ab-42b8-af7d-980260fcd963', 'e4a2ea60-6c3f-4d2b-bf52-ec4c4ec396cc', null),
       (false, '2022-07-05 19:26:50.000000', '65f6e65a-7cdf-4fd6-9ce5-c5f80f42f6ca',
        'c2c6401d-b0ab-42b8-af7d-980260fcd963', 'df512170-cfc5-418f-8503-8dcb40d638e2', null),
       (false, '2023-03-17 12:10:11.000000', '9d95667e-e48f-48c3-ab3b-83c65232002f',
        'c2c6401d-b0ab-42b8-af7d-980260fcd963', '82c72928-2a83-4053-a62f-3ae816fb32da', null),
       (false, '2022-08-22 15:50:48.000000', '9d95667e-e48f-48c3-ab3b-83c65232002f',
        'c2c6401d-b0ab-42b8-af7d-980260fcd963', '5028a606-554d-4c9b-9f43-a0f232a39f80', null),
       (false, '2023-03-21 02:14:43.000000', '9d95667e-e48f-48c3-ab3b-83c65232002f',
        'c2c6401d-b0ab-42b8-af7d-980260fcd963', 'fce12db6-ebcc-4d60-bc6b-a357e8a96114', null),
       (false, '2022-08-17 13:10:32.000000', '9d95667e-e48f-48c3-ab3b-83c65232002f',
        'c2c6401d-b0ab-42b8-af7d-980260fcd963', 'db29c64c-7b2f-4263-abd6-aa8f200bd3bb', null),
       (false, '2022-07-22 13:52:40.000000', '9d95667e-e48f-48c3-ab3b-83c65232002f',
        'c2c6401d-b0ab-42b8-af7d-980260fcd963', 'bae2f78d-4aa0-4b61-8d73-44fa9162e005', null),
       (false, '2022-09-02 17:20:11.000000', '65f6e65a-7cdf-4fd6-9ce5-c5f80f42f6ca',
        'c2c6401d-b0ab-42b8-af7d-980260fcd963', 'af913561-6f22-4f54-9810-5e4b631c4024', null),
       (false, '2022-12-17 07:18:06.000000', '9d95667e-e48f-48c3-ab3b-83c65232002f',
        'c2c6401d-b0ab-42b8-af7d-980260fcd963', '82899e18-5dec-420e-b4e4-bf1be6dee534', null),
       (false, '2022-10-01 02:17:23.000000', '65f6e65a-7cdf-4fd6-9ce5-c5f80f42f6ca',
        'c2c6401d-b0ab-42b8-af7d-980260fcd963', '844502b8-a9de-4b71-be43-d29913af93d7', null),
       (false, '2022-11-08 00:22:03.000000', '65f6e65a-7cdf-4fd6-9ce5-c5f80f42f6ca',
        'c2c6401d-b0ab-42b8-af7d-980260fcd963', 'c143f141-9606-4a11-b050-caad6123c87e', null),
       (false, '2022-10-23 11:32:03.000000', '65f6e65a-7cdf-4fd6-9ce5-c5f80f42f6ca',
        'c2c6401d-b0ab-42b8-af7d-980260fcd963', '5fec4601-ba75-4f34-a5b9-8dd85bc61244', null),
       (false, '2023-02-26 15:44:03.000000', '9d95667e-e48f-48c3-ab3b-83c65232002f',
        'c2c6401d-b0ab-42b8-af7d-980260fcd963', '673e3d95-bdac-426f-ab4b-4acb0a85554b', null),
       (false, '2022-09-02 20:12:38.000000', '9d95667e-e48f-48c3-ab3b-83c65232002f',
        'c2c6401d-b0ab-42b8-af7d-980260fcd963', '399d6a3a-125e-4fb3-8727-894cb10b1e27', null),
       (false, '2022-06-24 18:59:10.000000', '65f6e65a-7cdf-4fd6-9ce5-c5f80f42f6ca',
        'c2c6401d-b0ab-42b8-af7d-980260fcd963', '886e52c3-77bd-4288-ae2c-9c17336c77a8', null),
       (false, '2022-09-17 20:07:47.000000', '9d95667e-e48f-48c3-ab3b-83c65232002f',
        'c2c6401d-b0ab-42b8-af7d-980260fcd963', '00bcab59-5ddd-4528-b811-d85a8f0e27f7', null),
       (false, '2022-06-28 00:17:36.000000', '9d95667e-e48f-48c3-ab3b-83c65232002f',
        'c2c6401d-b0ab-42b8-af7d-980260fcd963', '77d3f183-3e43-42c7-b1ac-1fb3c600a751', null),
       (false, '2022-12-30 11:19:48.000000', '65f6e65a-7cdf-4fd6-9ce5-c5f80f42f6ca',
        'c2c6401d-b0ab-42b8-af7d-980260fcd963', '524a14d5-2cd4-48fb-b66a-fd195823a1b6', null),
       (false, '2022-08-18 13:52:50.000000', '65f6e65a-7cdf-4fd6-9ce5-c5f80f42f6ca',
        'c2c6401d-b0ab-42b8-af7d-980260fcd963', '56b8a133-02cc-4897-a81d-e877d1703cd4', null),
       (false, '2022-09-01 08:08:36.000000', '65f6e65a-7cdf-4fd6-9ce5-c5f80f42f6ca',
        'c2c6401d-b0ab-42b8-af7d-980260fcd963', 'fde8a680-93cc-4f80-9b5d-c70641a17127', null);